Country,Partner,Value
austria,australia,58.5
austria,belgium,507.5
austria,canada,99.6
austria,chile,45.2
austria,czechia,509.5
austria,denmark,393.3
austria,estonia,72.2
austria,finland,332.1
austria,france,361.3
austria,germany,20328.8
austria,greece,424.0
austria,hungary,756.4
austria,iceland,15.1
austria,ireland,1174.4
austria,israel,31.9
austria,italy,276.4
austria,japan,130.2
austria,northkorea,71.7
austria,luxembourg,550.0
austria,mexico,33.2
austria,netherlands,2035.3
austria,newzealand,9.3
austria,norway,143.5
austria,poland,521.3
austria,portugal,544.7
austria,slovakia,824.7
austria,slovenia,589.1
austria,spain,1141.2
austria,sweden,789.5
austria,switzerland,2695.5
austria,turkey,101.0
austria,uk,910.3
austria,usa,610.4
austria,algeria,6.6
austria,morocco,8.0
austria,tunisia,5.3
austria,angola,15.9
austria,benin,1.3
austria,botswana,1.3
austria,burkinafaso,1.3
austria,cameroon,1.3
austria,ivorycoast,1.3
austria,egypt,27.9
austria,ethiopia,10.6
austria,gabon,6.6
austria,ghana,1.3
austria,kenya,5.3
austria,liberia,65.1
austria,libya,6.6
austria,mauritius,10.6
austria,mozambique,4.0
austria,nigeria,25.2
austria,senegal,1.3
austria,sierraleone,12.0
austria,southafrica,183.3
austria,southsudan,2.7
austria,sudan,2.7
austria,tanzania,2.7
austria,zimbabwe,1.3
austria,bahamas,5.3
austria,barbados,1.3
austria,belize,10.6
austria,costarica,2.7
austria,cuba,5.3
austria,dominicanrepublic,2.7
austria,elsalvador,1.3
austria,grenada,4.0
austria,guatemala,4.0
austria,haiti,1.3
austria,jamaica,1.3
austria,panama,17.3
austria,argentina,19.9
austria,bolivia,1.3
austria,brazil,42.5
austria,colombia,4.0
austria,ecuador,8.0
austria,paraguay,2.7
austria,peru,6.6
austria,suriname,4.0
austria,uruguay,21.3
austria,venezuela,12.0
austria,iran,5.3
austria,bahrain,17.3
austria,iraq,25.2
austria,kuwait,5.3
austria,oman,2.7
austria,qatar,41.2
austria,saudiarabia,110.3
austria,uae,99.6
austria,armenia,10.6
austria,azerbaijan,29.2
austria,georgia,13.3
austria,jordan,6.6
austria,lebanon,25.2
austria,syria,26.6
austria,afghanistan,1.3
austria,bangladesh,2.7
austria,bhutan,4.0
austria,cambodia,1.3
austria,china,312.2
austria,china,17.3
austria,india,70.4
austria,indonesia,22.6
austria,kazakhstan,50.5
austria,sourthkorea,4.0
austria,laos,23.9
austria,malaysia,110.3
austria,maldives,22.6
austria,mongolia,4.0
austria,myanmar,2.7
austria,nepal,1.3
austria,pakistan,4.0
austria,philippines,10.6
austria,singapore,9.3
austria,srilanka,8.0
austria,tajikistan,2.7
austria,thailand,111.6
austria,uzbekistan,2.7
austria,vietnam,5.3
austria,fiji,1.3
austria,marshallislands,41.2
austria,papuanewguinea,1.3
austria,albania,30.6
austria,belarus,49.2
austria,bosnia,31.9
austria,bulgaria,255.1
austria,croatia,728.0
austria,cyprus,22.6
austria,liechtenstein,101.0
austria,northmacedonia,1.3
austria,malta,10.6
austria,moldova,5.3
austria,romania,244.4
austria,russia,1821.3
austria,sanmarino,2.7
austria,montenegro,14.6
austria,ukraine,140.8
austria,latvia,13.3
austria,lithuania,295.2
belgium,lebanon,5.3
finland,peru,15.9
germany,uk,10241.6
belgium,guyana,1.3
czechia,switzerland,434.4
germany,india,770.5
france,comoros,77.1
estonia,vietnam,4.1
germany,finland,956.5
finland,china,417.1
czechia,norway,44.7
estonia,china,43.0
finland,zimbabwe,4.0
germany,venezuela,29.2
belgium,slovenia,169.4
denmark,bangladesh,46.9
germany,bangladesh,2.7
czechia,malta,7.4
estonia,sweden,215.5
estonia,newzealand,1.1
belgium,marshallislands,9.3
belgium,canada,57.1
belgium,albania,5.3
denmark,sierraleone,4.0
estonia,liberia,0.7
denmark,montenegro,2.5
france,uae,1.3
denmark,tanzania,37.6
finland,northmacedonia,1.3
germany,croatia,2173.4
finland,solomonislands,1.3
germany,eritrea,1.3
finland,czechia,225.5
belgium,antiguaandbarbuda,4.0
czechia,armenia,2.3
germany,kenya,73.1
estonia,kazakhstan,74.5
france,honduras,1.3
denmark,comoros,1.6
belgium,venezuela,6.6
germany,turkmenistan,6.6
belgium,israel,146.1
estonia,germany,381.3
belgium,singapore,376.0
germany,mexico,1414.9
germany,malaysia,625.7
belgium,malaysia,26.6
germany,pakistan,23.9
denmark,panama,371.0
czechia,greece,237.1
czechia,lithuania,50.0
czechia,paraguay,0.0
finland,belarus,2.7
france,india,461.0
belgium,kazakhstan,45.2
germany,ecuador,45.2
czechia,gambia,0.0
belgium,brunei,5.3
finland,bolivia,8.0
france,mexico,565.9
czechia,myanmar,0.1
estonia,antiguaandbarbuda,1.9
estonia,latvia,119.3
denmark,malawi,0.9
finland,poland,715.0
denmark,guinea,4.0
france,ecuador,31.9
belgium,sanmarino,1.3
finland,ghana,4.0
germany,southafrica,139.5
denmark,portugal,247.3
belgium,grenada,1.3
czechia,cameroon,0.4
germany,romania,706.8
czechia,sourthkorea,1.6
finland,japan,876.8
denmark,uk,3924.7
denmark,india,419.7
france,croatia,405.2
denmark,bosnia,9.3
germany,tunisia,512.8
finland,madagascar,1.3
czechia,zambia,0.0
finland,namibia,1.3
france,slovenia,55.3
denmark,venezuela,9.8
estonia,singapore,9.4
belgium,oman,183.3
denmark,ecuador,56.3
belgium,gabon,50.5
estonia,uganda,0.1
estonia,southafrica,2.0
france,canada,384.5
germany,iraq,42.5
germany,dominicanrepublic,385.3
belgium,newzealand,48.0
germany,mauritania,10.6
finland,cuba,2.7
czechia,southsudan,0.0
czechia,kuwait,0.5
denmark,marshallislands,146.2
finland,jordan,10.6
germany,slovenia,599.8
belgium,liberia,14.6
france,lebanon,108.9
czechia,france,934.0
belgium,bolivia,4.0
czechia,lesotho,0.0
germany,tanzania,130.2
france,pakistan,118.2
finland,saudiarabia,90.3
belgium,stkitts,4.0
denmark,uae,502.7
czechia,cyprus,58.2
finland,uruguay,14.6
czechia,elsalvador,0.0
germany,guyana,13.3
germany,kazakhstan,55.8
estonia,brunei,0.1
germany,antiguaandbarbuda,4.0
finland,colombia,34.5
denmark,lebanon,106.0
czechia,ethiopia,0.0
czechia,mauritius,0.0
estonia,kenya,0.3
denmark,brunei,3.6
germany,uganda,8.0
finland,turkey,124.9
belgium,angola,89.0
belgium,southafrica,70.4
france,malaysia,705.4
belgium,china,349.4
denmark,honduras,3.3
estonia,dominicanrepublic,0.9
france,israel,183.3
belgium,syria,4.0
denmark,stkitts,3.6
finland,oman,2.7
belgium,iraq,4.0
germany,marshallislands,5.3
france,tunisia,1792.1
denmark,malaysia,31.2
czechia,spain,498.8
france,mauritania,12.0
czechia,argentina,3.7
denmark,rwanda,0.5
germany,burundi,2.7
belgium,tajikistan,1.3
denmark,spain,2368.5
czechia,netherlands,316.9
finland,china,53.1
denmark,singapore,12.1
belgium,denmark,527.5
finland,azerbaijan,19.9
denmark,pakistan,75.6
germany,vietnam,187.3
france,argentina,337.4
denmark,lesotho,0.1
czechia,uae,4.2
estonia,iraq,0.1
czechia,turkmenistan,1.2
germany,greece,7009.6
czechia,marshallislands,0.0
germany,sourthkorea,23.9
finland,india,245.8
denmark,cyprus,29.6
germany,benin,8.0
denmark,liechtenstein,13.7
belgium,malta,4.0
czechia,slovenia,38.8
france,ivorycoast,333.5
estonia,slovakia,1.1
belgium,algeria,38.5
belgium,barbados,37.2
estonia,luxembourg,92.2
germany,chile,203.3
estonia,bulgaria,1.1
france,kuwait,305.6
france,romania,1331.2
germany,uae,1146.5
belgium,vietnam,62.4
czechia,burundi,0.5
denmark,zambia,1.1
france,armenia,15.9
france,elsalvador,9.3
france,finland,182.0
germany,lebanon,2.7
estonia,tajikistan,0.3
finland,turkmenistan,1.3
czechia,malaysia,26.8
belgium,thailand,147.5
denmark,cameroon,19.3
germany,switzerland,12373.7
finland,marshallislands,9.3
belgium,northkorea,237.8
czechia,india,69.5
estonia,china,4.3
belgium,bosnia,5.3
finland,uae,34.5
finland,mexico,130.2
germany,libya,77.1
belgium,greece,949.4
denmark,armenia,2.1
finland,slovenia,13.6
denmark,ivorycoast,19.3
belgium,guinea,8.0
france,mauritius,401.2
belgium,portugal,631.1
germany,norway,744.0
belgium,egypt,94.3
denmark,elsalvador,6.9
belgium,montenegro,4.0
denmark,suriname,0.4
czechia,senegal,0.1
denmark,mauritius,4.5
germany,honduras,9.3
czechia,ecuador,1.5
finland,croatia,33.2
belgium,sierraleone,12.0
czechia,costarica,12.3
denmark,barbados,10.9
denmark,myanmar,4.5
germany,egypt,908.7
finland,dominicanrepublic,2.7
estonia,morocco,3.3
czechia,croatia,185.9
denmark,northkorea,651.6
estonia,ukraine,12.1
estonia,moldova,1.6
finland,israel,18.6
estonia,iran,0.8
france,sierraleone,8.0
czechia,denmark,244.2
france,paraguay,1.3
germany,lithuania,902.9
finland,kenya,14.6
czechia,montenegro,0.5
france,algeria,1100.0
germany,sudan,19.9
estonia,peru,1.2
czechia,algeria,15.4
france,malta,86.4
france,montenegro,34.5
denmark,thailand,163.0
france,bangladesh,21.3
germany,malawi,8.0
belgium,uae,265.7
czechia,niger,0.0
estonia,nepal,0.4
czechia,malawi,1.2
denmark,paraguay,13.9
finland,antiguaandbarbuda,21.3
germany,panama,370.7
denmark,algeria,9.6
germany,sierraleone,6.6
belgium,turkmenistan,5.3
germany,georgia,1.3
denmark,malta,24.0
czechia,barbados,0.3
germany,niger,4.0
czechia,ivorycoast,1.7
france,kenya,9.3
finland,uganda,1.3
germany,guatemala,23.9
denmark,finland,1340.1
czechia,portugal,39.9
czechia,northkorea,199.4
france,denmark,878.1
france,barbados,35.9
germany,algeria,63.8
estonia,japan,18.3
estonia,nicaragua,0.1
czechia,guinea,0.0
belgium,india,176.7
france,egypt,150.1
belgium,tanzania,34.5
czechia,tanzania,0.3
finland,mongolia,2.7
estonia,azerbaijan,10.4
czechia,bangladesh,8.9
germany,laos,15.9
france,portugal,3284.1
estonia,afghanistan,0.1
france,northkorea,852.9
germany,barbados,54.5
czechia,egypt,73.9
france,greece,2832.1
belgium,ecuador,2.7
finland,guyana,2.7
france,bosnia,26.6
denmark,dominicanrepublic,19.3
finland,mauritania,30.6
germany,brazil,1046.9
czechia,panama,1.5
estonia,bahamas,1.6
germany,suriname,1.3
belgium,croatia,107.6
france,thailand,462.3
estonia,cuba,1.5
czechia,sierraleone,0.4
denmark,namibia,11.4
france,kazakhstan,313.5
finland,luxembourg,987.1
france,uruguay,21.3
denmark,senegal,4.0
france,bahrain,162.1
belgium,russia,939.0
finland,egypt,12.0
belgium,cameroon,1.3
denmark,somalia,2.1
denmark,turkey,262.6
finland,myanmar,21.3
finland,greece,406.5
denmark,croatia,100.2
belgium,sweden,1480.2
denmark,kenya,18.2
finland,lithuania,54.3
france,guyana,47.8
czechia,oman,27.9
finland,northkorea,422.5
germany,congo,23.9
czechia,tajikistan,0.4
france,belize,6.6
germany,ukraine,77.1
france,colombia,134.2
germany,ireland,14648.0
denmark,morocco,121.1
belgium,southsudan,1.3
denmark,turkmenistan,0.1
czechia,italy,118.5
belgium,mozambique,15.9
germany,angola,9.3
france,southafrica,98.3
denmark,moldova,1.5
estonia,srilanka,2.1
czechia,botswana,0.4
denmark,australia,500.9
france,equatorialguinea,209.9
czechia,solomonislands,0.0
estonia,norway,101.2
denmark,belize,3.3
estonia,italy,62.0
belgium,france,4457.1
denmark,uruguay,60.0
belgium,indonesia,38.5
finland,algeria,34.5
belgium,cyprus,42.5
czechia,bolivia,0.0
denmark,guineabissau,16.9
germany,russia,4613.3
france,iceland,260.4
finland,bahamas,25.2
belgium,spain,3577.7
finland,malta,17.3
france,jordan,128.9
denmark,luxembourg,552.0
denmark,slovenia,27.0
finland,hungary,379.2
czechia,maldives,3.8
germany,canada,762.2
czechia,liechtenstein,75.0
germany,mali,1.3
germany,usa,7041.0
finland,switzerland,232.5
germany,bulgaria,494.2
czechia,kyrgyzstan,1.1
france,haiti,25.2
czechia,china,402.3
denmark,chad,0.5
denmark,equatorialguinea,59.4
germany,slovakia,515.3
czechia,poland,259.2
denmark,nepal,2.5
estonia,cambodia,0.5
denmark,jordan,29.2
germany,papuanewguinea,1.3
denmark,hungary,96.1
czechia,japan,309.8
belgium,netherlands,3048.6
czechia,fiji,0.0
germany,belgium,2627.7
germany,kiribati,1.3
denmark,haiti,2.1
france,philippines,47.8
czechia,ghana,0.7
france,morocco,1784.2
czechia,belarus,27.3
germany,jordan,91.7
belgium,uzbekistan,5.3
denmark,saintlucia,0.4
estonia,togo,0.1
czechia,guyana,0.5
finland,paraguay,4.0
finland,georgia,4.0
belgium,zambia,5.3
czechia,mongolia,8.8
denmark,uzbekistan,0.4
finland,bangladesh,9.3
belgium,ivorycoast,5.3
denmark,bahrain,29.1
germany,cambodia,39.9
estonia,maldives,0.7
estonia,indonesia,4.4
germany,lesotho,1.3
finland,suriname,13.3
denmark,philippines,77.3
france,cameroon,558.0
germany,ethiopia,49.2
germany,netherlands,7945.3
denmark,netherlands,1407.1
france,indonesia,567.3
czechia,antiguaandbarbuda,2.7
finland,romania,21.3
denmark,dominica,0.4
germany,jamaica,30.6
czechia,canada,31.3
belgium,armenia,5.3
czechia,uganda,0.5
czechia,gabon,5.3
estonia,dominica,0.8
france,russia,4987.8
estonia,usa,202.6
estonia,slovenia,3.7
belgium,zimbabwe,2.7
germany,nigeria,386.6
belgium,myanmar,1.3
denmark,indonesia,167.4
germany,argentina,252.4
estonia,croatia,6.1
germany,srilanka,219.2
finland,pakistan,2.7
finland,barbados,1.3
czechia,syria,0.5
belgium,paraguay,2.7
czechia,mauritania,0.0
france,spain,12426.8
finland,panama,18.6
germany,southsudan,2.7
estonia,nigeria,1.1
belgium,argentina,107.6
estonia,jamaica,0.4
denmark,russia,570.1
france,cyprus,63.8
belgium,sourthkorea,1.3
france,uzbekistan,25.2
belgium,senegal,38.5
czechia,israel,70.7
france,lesotho,34.5
denmark,papuanewguinea,10.0
estonia,uk,145.2
czechia,russia,1528.6
belgium,capeverde,4.0
denmark,burundi,1.5
belgium,mauritius,57.1
finland,morocco,4.0
germany,gabon,26.6
france,angola,1656.6
czechia,angola,1.1
france,oman,99.6
france,ethiopia,73.1
denmark,bhutan,0.1
germany,kuwait,248.4
finland,congo,2.7
finland,sierraleone,1.3
france,netherlands,4312.8
finland,ethiopia,4.0
czechia,saotome,18.2
germany,elsalvador,1.3
germany,djibouti,1.3
czechia,belgium,1005.4
czechia,kiribati,0.0
germany,syria,19.9
czechia,belize,5.3
estonia,finland,2056.1
denmark,angola,39.7
finland,usa,843.8
denmark,capeverde,6.1
czechia,jordan,1.5
denmark,sanmarino,1.5
france,liberia,25.2
estonia,tunisia,1.2
germany,japan,2487.5
denmark,canada,417.4
belgium,chad,26.6
france,gabon,1028.3
estonia,romania,6.4
belgium,azerbaijan,103.6
denmark,saotome,1.7
czechia,papuanewguinea,0.1
czechia,uruguay,4.6
finland,nigeria,5.3
france,newzealand,292.0
germany,belarus,154.1
finland,belgium,380.0
belgium,hungary,175.6
czechia,bhutan,0.0
belgium,madagascar,5.3
denmark,liberia,203.6
belgium,kyrgyzstan,1.3
france,bolivia,111.6
estonia,pakistan,0.9
france,antiguaandbarbuda,5.3
germany,mongolia,93.0
denmark,newzealand,674.8
belgium,poland,651.1
germany,northmacedonia,89.0
finland,ireland,1248.8
estonia,mexico,1.6
denmark,albania,1.7
france,solomonislands,5.3
belgium,moldova,13.3
czechia,saintlucia,0.0
belgium,belarus,9.3
belgium,turkey,495.5
czechia,ireland,476.9
france,australia,1917.5
france,china,1309.9
denmark,antiguaandbarbuda,0.4
finland,russia,3992.0
france,syria,10.6
germany,iran,208.6
finland,philippines,15.9
czechia,philippines,2.1
denmark,bolivia,8.0
belgium,fiji,4.0
belgium,australia,1168.7
finland,australia,170.0
czechia,micronesia,0.0
czechia,swaziland,0.0
belgium,uruguay,21.3
germany,bahamas,47.8
czechia,bahrain,0.5
denmark,gabon,0.4
finland,netherlands,1508.8
czechia,colombia,0.9
denmark,zimbabwe,1.6
germany,solomonislands,1.3
belgium,latvia,98.4
france,dominicanrepublic,313.5
germany,israel,535.4
czechia,uzbekistan,9.8
denmark,israel,12.4
germany,czechia,1608.0
finland,kuwait,8.0
finland,lesotho,1.3
germany,ghana,57.1
belgium,jordan,4.0
estonia,lithuania,34.3
germany,cuba,326.8
finland,srilanka,1.3
france,poland,2497.5
germany,haiti,4.0
germany,china,891.4
belgium,papuanewguinea,2.7
denmark,belarus,13.4
denmark,azerbaijan,1.5
czechia,haiti,0.3
belgium,belize,8.0
germany,madagascar,12.0
denmark,tajikistan,0.4
germany,mauritius,126.2
finland,malaysia,26.6
czechia,hungary,252.7
denmark,fiji,6.8
estonia,brazil,1.2
finland,armenia,4.0
czechia,cuba,0.4
denmark,grenada,0.4
france,hungary,393.2
germany,poland,7478.6
belgium,laos,2.7
finland,singapore,10.6
czechia,lebanon,0.9
belgium,equatorialguinea,15.9
estonia,laos,0.1
finland,elsalvador,1.3
france,botswana,10.6
denmark,oman,49.1
belgium,namibia,6.6
czechia,equatorialguinea,2.4
czechia,chad,0.0
france,chad,45.2
czechia,saudiarabia,14.5
estonia,costarica,0.7
germany,colombia,38.5
belgium,saintlucia,2.7
belgium,haiti,2.7
denmark,kyrgyzstan,0.5
finland,zambia,4.0
estonia,libya,0.1
czechia,namibia,0.1
germany,swaziland,1.3
finland,cameroon,21.3
estonia,qatar,0.3
czechia,madagascar,0.4
france,turkey,583.2
denmark,peru,27.6
czechia,turkey,43.5
france,madagascar,155.4
estonia,jordan,0.7
denmark,cambodia,12.5
finland,venezuela,4.0
czechia,comoros,0.0
belgium,philippines,65.1
belgium,bahrain,63.8
germany,botswana,25.2
france,belarus,22.6
estonia,georgia,7.4
denmark,sourthkorea,3.1
belgium,morocco,283.0
finland,argentina,25.2
denmark,china,1408.5
germany,myanmar,30.6
germany,saudiarabia,426.4
denmark,argentina,68.5
czechia,libya,2.7
denmark,georgia,2.5
germany,paraguay,17.3
czechia,rwanda,0.3
belgium,sudan,15.9
france,norway,111.6
denmark,southsudan,3.6
czechia,stkitts,0.1
czechia,honduras,0.1
france,srilanka,190.0
germany,zambia,1.3
belgium,brazil,99.6
finland,mozambique,14.6
estonia,uruguay,1.1
czechia,venezuela,0.7
belgium,burundi,14.6
estonia,colombia,0.8
france,lithuania,357.8
czechia,uk,757.7
finland,lebanon,6.6
belgium,uganda,38.5
estonia,oman,2.9
denmark,laos,5.3
czechia,benin,0.1
germany,armenia,12.0
estonia,philippines,0.4
belgium,costarica,2.7
germany,iceland,386.4
finland,ecuador,21.3
denmark,kuwait,44.2
belgium,qatar,249.8
france,cambodia,77.1
france,niger,39.9
denmark,greece,517.6
germany,northkorea,458.3
france,guatemala,50.5
estonia,czechia,34.8
denmark,iceland,241.1
czechia,sudan,1.3
germany,stkitts,19.9
estonia,angola,0.1
france,uk,9823.4
germany,portugal,2218.6
france,libya,98.3
belgium,iceland,2.8
finland,djibouti,1.3
belgium,kenya,46.5
belgium,rwanda,4.0
finland,liberia,26.6
estonia,botswana,0.1
france,switzerland,8134.4
belgium,dominicanrepublic,41.2
denmark,palau,0.1
estonia,swaziland,0.1
finland,newzealand,24.6
germany,malta,775.8
france,suriname,10.6
finland,albania,9.3
germany,montenegro,54.5
denmark,niger,8.2
finland,canada,213.1
czechia,thailand,40.2
denmark,switzerland,833.1
germany,denmark,1327.2
belgium,tunisia,225.8
belgium,uk,2126.9
estonia,poland,101.3
czechia,bosnia,3.3
estonia,belarus,28.3
france,georgia,220.5
estonia,madagascar,0.1
belgium,mauritania,5.3
france,panama,110.3
denmark,egypt,707.6
finland,angola,5.3
germany,guinea,2.7
czechia,qatar,6.8
denmark,lithuania,287.6
czechia,nigeria,2.7
estonia,malaysia,0.3
germany,singapore,755.9
germany,saintlucia,1.3
czechia,nicaragua,0.0
czechia,grenada,0.0
finland,senegal,18.6
denmark,cuba,7.8
denmark,iraq,24.2
finland,iran,9.3
france,china,389.3
belgium,jamaica,9.3
finland,thailand,134.2
czechia,azerbaijan,128.9
estonia,kuwait,0.1
denmark,madagascar,5.0
estonia,armenia,0.1
estonia,israel,5.0
belgium,mongolia,9.3
france,bulgaria,308.2
czechia,sweden,261.4
france,brunei,86.4
finland,ukraine,15.9
germany,philippines,292.3
germany,bahrain,134.2
denmark,colombia,46.1
belgium,maldives,9.3
czechia,mozambique,0.7
germany,uruguay,27.9
czechia,liberia,1.2
denmark,swaziland,0.7
france,saudiarabia,1329.8
denmark,kiribati,0.5
estonia,argentina,0.4
czechia,peru,0.1
denmark,eritrea,0.7
czechia,capeverde,0.7
germany,bhutan,8.0
france,stkitts,5.3
czechia,zimbabwe,0.0
denmark,saudiarabia,333.4
czechia,brunei,0.0
finland,portugal,273.7
czechia,srilanka,2.1
denmark,mexico,39.1
finland,nepal,1.3
denmark,ethiopia,26.7
belgium,northmacedonia,9.3
finland,bosnia,1.3
belgium,italy,809.9
estonia,lebanon,0.7
estonia,canada,49.6
france,nigeria,644.3
denmark,ireland,1565.4
germany,cyprus,293.6
estonia,belgium,21.9
germany,spain,17754.1
france,albania,14.6
estonia,marshallislands,0.9
germany,brunei,63.8
germany,uzbekistan,103.6
czechia,albania,0.5
finland,malawi,1.3
france,usa,3889.5
estonia,russia,762.3
finland,bulgaria,31.9
belgium,benin,22.6
denmark,nigeria,29.2
france,vietnam,207.2
czechia,newzealand,9.4
germany,cameroon,17.3
france,singapore,1527.8
czechia,singapore,50.4
denmark,usa,1876.9
belgium,liechtenstein,15.9
czechia,sanmarino,0.3
france,congo,1105.3
estonia,ireland,28.8
germany,france,5748.4
france,venezuela,211.2
denmark,romania,4.1
estonia,netherlands,47.7
belgium,chile,94.3
belgium,japan,1100.5
france,iraq,79.7
denmark,southafrica,26.0
finland,afghanistan,1.3
finland,tanzania,34.5
estonia,ethiopia,0.1
czechia,latvia,17.0
france,ireland,7070.2
belgium,nicaragua,1.3
germany,bolivia,21.3
germany,albania,18.6
czechia,chile,0.7
denmark,tunisia,5.8
czechia,cambodia,3.6
germany,newzealand,292.5
czechia,guineabissau,0.0
france,japan,2084.7
czechia,iceland,10.6
belgium,switzerland,5056.3
estonia,barbados,0.1
czechia,dominica,1.1
germany,senegal,35.9
finland,indonesia,221.9
czechia,indonesia,2.8
finland,tunisia,13.3
belgium,nepal,15.9
denmark,mauritania,11.0
germany,fiji,42.5
denmark,mongolia,0.9
belgium,libya,10.6
denmark,chile,154.3
finland,iraq,35.9
france,northmacedonia,15.9
germany,oman,50.5
czechia,togo,0.0
czechia,mexico,2.1
czechia,southafrica,14.3
finland,southafrica,10.6
belgium,bahamas,2.7
denmark,guyana,3.3
czechia,somalia,0.0
belgium,iran,4.0
denmark,uganda,30.9
belgium,peru,6.6
france,italy,2246.6
estonia,panama,14.3
finland,uzbekistan,2.7
belgium,afghanistan,4.0
france,djibouti,27.9
estonia,equatorialguinea,0.1
czechia,romania,74.3
estonia,bangladesh,0.5
finland,bahrain,10.6
denmark,syria,4.8
czechia,burkinafaso,0.0
germany,china,3871.3
estonia,india,1.2
germany,kyrgyzstan,5.3
finland,mauritius,57.1
belgium,mali,5.3
belgium,guineabissau,4.0
estonia,egypt,15.3
belgium,bulgaria,227.2
germany,namibia,241.8
finland,spain,1501.2
belgium,dominica,1.3
denmark,ghana,41.6
finland,cyprus,18.6
czechia,luxembourg,284.4
denmark,japan,608.3
czechia,nepal,0.1
denmark,poland,384.1
germany,turkey,5323.3
belgium,slovakia,228.5
estonia,switzerland,197.7
belgium,luxembourg,5553.2
estonia,algeria,0.4
belgium,ukraine,42.5
estonia,malta,14.1
denmark,botswana,4.5
denmark,northmacedonia,8.5
france,iran,79.7
germany,equatorialguinea,17.3
germany,chad,1.3
denmark,solomonislands,1.1
germany,hungary,635.4
france,cuba,140.8
czechia,australia,37.0
france,bahamas,50.5
czechia,moldova,15.5
estonia,greece,43.5
czechia,morocco,1.7
germany,costarica,17.3
belgium,suriname,2.7
finland,rwanda,2.7
germany,gambia,10.6
estonia,belize,0.4
germany,ivorycoast,9.3
belgium,georgia,21.3
denmark,maldives,5.2
france,liechtenstein,1.3
france,benin,58.5
czechia,tunisia,61.6
denmark,srilanka,39.7
france,senegal,163.4
germany,italy,9183.7
denmark,italy,201.7
belgium,guatemala,1.3
czechia,kenya,2.1
czechia,eritrea,0.1
belgium,niger,4.0
estonia,namibia,0.1
finland,eritrea,2.7
france,chile,118.2
belgium,panama,38.5
belgium,pakistan,19.9
czechia,pakistan,3.7
germany,bosnia,94.3
finland,vietnam,30.6
denmark,benin,10.1
czechia,laos,0.0
france,costarica,70.4
germany,thailand,1169.1
estonia,kyrgyzstan,0.7
belgium,mexico,519.4
denmark,qatar,168.2
estonia,hungary,48.8
denmark,costarica,12.5
germany,qatar,208.6
belgium,romania,337.4
denmark,guatemala,8.8
france,laos,30.6
france,brazil,1223.5
denmark,gambia,0.4
denmark,libya,50.5
finland,sweden,1909.4
czechia,suriname,0.3
czechia,brazil,3.3
denmark,norway,2611.4
france,sudan,2.7
finland,kazakhstan,25.2
belgium,bangladesh,4.0
estonia,australia,17.9
denmark,brazil,486.5
czechia,palau,0.0
czechia,guatemala,0.0
finland,latvia,51.8
estonia,turkey,29.1
czechia,georgia,17.2
france,qatar,713.4
finland,capeverde,21.3
denmark,sudan,5.0
estonia,mauritius,0.4
denmark,ukraine,2.3
france,estonia,61.0
germany,togo,8.0
germany,somalia,1.3
germany,burkinafaso,5.3
france,dominica,12.0
belgium,nigeria,78.4
france,guineabissau,1.3
finland,brazil,70.4
denmark,china,928.5
denmark,estonia,31.7
france,mali,33.2
finland,sudan,9.3
belgium,usa,1117.4
france,luxembourg,6249.3
estonia,ivorycoast,0.1
france,slovakia,98.1
czechia,northmacedonia,3.6
denmark,afghanistan,27.2
germany,dominica,4.0
belgium,ethiopia,83.7
czechia,bahamas,0.4
france,togo,45.2
finland,norway,86.4
denmark,bulgaria,85.7
france,burkinafaso,30.6
finland,qatar,53.1
france,ukraine,54.5
denmark,iran,3.3
belgium,ireland,1393.6
finland,costarica,1.3
czechia,djibouti,0.0
denmark,congo,34.5
france,jamaica,17.3
belgium,norway,99.6
finland,uk,2178.9
germany,liechtenstein,217.9
denmark,togo,13.7
denmark,burkinafaso,0.9
czechia,kazakhstan,29.7
estonia,bhutan,0.1
belgium,srilanka,4.0
denmark,jamaica,1.6
belgium,kuwait,10.6
france,maldives,74.4
finland,iceland,68.7
denmark,mali,101.1
czechia,iraq,1.1
estonia,bahrain,0.1
czechia,nauru,0.0
belgium,lithuania,172.3
finland,laos,5.3
denmark,slovakia,58.0
czechia,vietnam,2.5
germany,maldives,144.8
estonia,uzbekistan,1.7
germany,indonesia,195.3
czechia,dominicanrepublic,0.9
estonia,spain,111.9
belgium,cambodia,4.0
estonia,cyprus,87.3
estonia,portugal,19.9
belgium,swaziland,1.3
czechia,mali,0.0
denmark,latvia,218.6
czechia,jamaica,0.1
germany,zimbabwe,9.3
germany,latvia,179.4
estonia,honduras,0.1
finland,slovakia,41.2
germany,capeverde,63.8
czechia,bulgaria,387.0
estonia,uae,4.9
czechia,usa,209.9
denmark,kazakhstan,8.2
czechia,slovakia,58.8
france,mozambique,13.3
belgium,botswana,4.0
belgium,cuba,23.9
germany,azerbaijan,43.8
france,sweden,993.9
czechia,congo,2.0
germany,grenada,2.7
finland,mali,5.3
estonia,tanzania,0.5
germany,liberia,191.3
france,zimbabwe,5.3
germany,mozambique,14.6
denmark,sweden,2364.9
estonia,ecuador,0.1
belgium,ghana,59.8
germany,sweden,1785.9
france,capeverde,61.1
denmark,vietnam,2.0
france,latvia,168.7
finland,liechtenstein,1.3
germany,peru,17.3
denmark,bahamas,63.1
france,afghanistan,53.1
czechia,afghanistan,2.8
denmark,djibouti,25.0
belgium,colombia,54.5
france,nicaragua,10.6
france,azerbaijan,35.9
germany,moldova,17.3
germany,morocco,469.0
belgium,saudiarabia,163.4
germany,australia,1613.2
germany,afghanistan,12.0
belgium,congo,63.8
germany,nicaragua,18.6
denmark,nicaragua,8.9
czechia,ukraine,263.6
france,nepal,53.1
finland,italy,487.0
france,peru,41.2
denmark,mozambique,16.3
czechia,iran,0.1
france,moldova,35.9
belgium,china,219.2
finland,chile,51.8
czechia,china,2.4
germany,luxembourg,6917.5
germany,nepal,74.4
estonia,thailand,15.7
estonia,northkorea,11.3
hungary,china,34.1
greece,japan,0.3
italy,iraq,14.6
luxembourg,newzealand,93.8
hungary,iran,68.9
italy,brunei,6.2
luxembourg,nauru,5.3
ireland,kazakhstan,99.6
latvia,indonesia,1.3
ireland,singapore,961.8
ireland,slovenia,64.8
ireland,vietnam,75.7
iceland,madagascar,2.8
hungary,peru,0.7
latvia,slovakia,2.6
italy,guyana,3.7
iceland,croatia,1.5
latvia,ireland,86.3
hungary,azerbaijan,0.5
ireland,canada,2318.4
greece,poland,806.0
hungary,solomonislands,0.3
greece,northmacedonia,255.2
italy,vietnam,42.8
greece,botswana,0.1
luxembourg,china,819.7
luxembourg,bolivia,14.6
luxembourg,oman,62.4
ireland,southafrica,825.0
luxembourg,grenada,29.2
greece,ghana,1.7
iceland,uganda,0.8
greece,belarus,110.9
hungary,afghanistan,10.5
italy,kazakhstan,62.8
hungary,japan,198.5
luxembourg,zimbabwe,19.9
hungary,ghana,4.5
hungary,nepal,3.7
iceland,japan,37.5
latvia,belize,5.3
hungary,mozambique,0.7
luxembourg,latvia,59.8
italy,mauritania,5.6
iceland,poland,7.5
ireland,stkitts,1.3
luxembourg,gabon,2.7
italy,antiguaandbarbuda,23.0
latvia,bulgaria,1.3
ireland,venezuela,54.5
hungary,nicaragua,1.1
greece,oman,5.0
luxembourg,angola,2.7
luxembourg,mozambique,13.3
hungary,zimbabwe,0.1
latvia,ukraine,22.6
italy,uganda,3.5
greece,china,176.8
hungary,bahamas,0.9
luxembourg,kyrgyzstan,23.9
italy,dominicanrepublic,137.2
luxembourg,capeverde,6.6
luxembourg,liberia,15.9
hungary,cuba,2.3
greece,hungary,36.5
iceland,ghana,0.3
luxembourg,sweden,1165.0
greece,chad,0.3
italy,mongolia,12.1
greece,turkey,389.4
ireland,sweden,3513.4
iceland,kazakhstan,0.1
luxembourg,afghanistan,46.5
greece,jordan,19.9
hungary,colombia,0.9
italy,nicaragua,2.4
luxembourg,australia,232.5
italy,syria,196.5
ireland,mozambique,9.3
ireland,liberia,1.3
hungary,burkinafaso,0.8
italy,bahamas,11.3
luxembourg,azerbaijan,1.3
greece,namibia,1.9
luxembourg,peru,37.2
italy,japan,1986.4
italy,solomonislands,0.3
hungary,slovakia,149.4
ireland,japan,2295.6
hungary,saudiarabia,1.5
greece,madagascar,1.3
luxembourg,nicaragua,14.6
hungary,china,4.8
iceland,china,13.4
greece,saintlucia,0.1
greece,swaziland,2.0
luxembourg,turkey,95.7
greece,uruguay,19.9
luxembourg,fiji,1.3
hungary,bulgaria,22.0
latvia,liechtenstein,1.3
italy,nauru,0.3
italy,sweden,964.9
hungary,ukraine,233.5
luxembourg,hungary,202.1
luxembourg,uruguay,15.9
ireland,bosnia,62.4
italy,pakistan,13.6
greece,cuba,17.5
italy,mozambique,33.7
greece,colombia,11.2
luxembourg,bahrain,31.9
hungary,tunisia,3.7
luxembourg,saintlucia,10.6
latvia,italy,280.6
italy,bangladesh,1.6
latvia,cyprus,95.7
italy,djibouti,1.2
luxembourg,nepal,22.6
greece,saudiarabia,46.0
luxembourg,belize,9.3
hungary,rwanda,0.3
italy,northmacedonia,3.9
iceland,slovenia,1.7
italy,niger,1.1
greece,ecuador,4.6
greece,burundi,0.1
hungary,slovenia,159.9
greece,croatia,1.2
luxembourg,dominica,2.7
italy,laos,5.0
hungary,mexico,21.1
luxembourg,togo,2.7
hungary,kenya,2.1
italy,egypt,194.4
iceland,belarus,0.3
ireland,qatar,174.0
luxembourg,ukraine,45.2
ireland,guatemala,5.3
italy,barbados,2.5
luxembourg,namibia,21.3
hungary,stkitts,0.1
greece,uae,34.3
hungary,southafrica,0.5
italy,guatemala,10.0
hungary,dominicanrepublic,0.3
ireland,brazil,724.0
iceland,cuba,0.7
luxembourg,morocco,1.3
greece,india,205.1
hungary,iraq,28.5
greece,marshallislands,0.1
luxembourg,burkinafaso,1.3
hungary,uganda,0.4
greece,malaysia,9.7
luxembourg,philippines,71.7
italy,panama,47.0
iceland,iran,0.3
latvia,norway,268.4
greece,turkmenistan,0.7
italy,georgia,10.4
italy,suriname,1.9
luxembourg,bhutan,2.7
iceland,southafrica,2.4
italy,brazil,966.0
greece,slovenia,9.3
hungary,vietnam,1.1
ireland,uk,14595.3
greece,gabon,0.4
hungary,mongolia,1.1
italy,iceland,34.0
ireland,mexico,430.4
iceland,jordan,0.1
hungary,kazakhstan,11.7
iceland,papuanewguinea,69.1
italy,slovenia,1400.0
hungary,capeverde,1.2
luxembourg,cameroon,22.6
iceland,philippines,2.7
italy,turkmenistan,0.8
luxembourg,cyprus,232.5
hungary,sweden,486.5
luxembourg,spain,1356.4
italy,burundi,2.9
italy,croatia,168.1
greece,mauritania,0.3
iceland,saudiarabia,251.5
ireland,tunisia,19.9
iceland,china,6.8
hungary,syria,0.1
greece,uganda,0.5
italy,tunisia,403.3
ireland,romania,57.1
luxembourg,uzbekistan,1.3
hungary,latvia,16.6
iceland,colombia,0.1
latvia,georgia,5.3
iceland,uruguay,0.4
greece,israel,246.4
hungary,libya,1.5
iceland,greece,10.0
italy,mexico,77.7
iceland,northkorea,1.9
italy,nigeria,73.3
latvia,southafrica,2.7
greece,paraguay,5.6
italy,kenya,165.5
italy,ethiopia,86.8
luxembourg,zambia,6.6
luxembourg,ivorycoast,5.3
latvia,romania,1.3
latvia,portugal,17.2
italy,southafrica,210.3
luxembourg,mauritius,63.8
hungary,guatemala,0.3
greece,armenia,4.4
ireland,indonesia,734.7
hungary,sudan,0.3
latvia,bosnia,1.3
iceland,bulgaria,38.3
italy,eritrea,42.2
luxembourg,maldives,1.3
italy,southsudan,0.3
italy,romania,838.3
hungary,northmacedonia,13.8
luxembourg,indonesia,70.4
greece,syria,154.6
latvia,kenya,2.7
hungary,costarica,3.1
luxembourg,myanmar,17.3
hungary,qatar,10.2
italy,kuwait,36.3
greece,myanmar,0.4
iceland,russia,53.5
latvia,iceland,2.1
hungary,brazil,191.4
latvia,thailand,2.7
greece,mongolia,0.1
hungary,egypt,18.3
iceland,switzerland,200.1
hungary,lithuania,52.3
latvia,mexico,1.3
italy,argentina,205.0
latvia,stkitts,1.3
ireland,jamaica,1.3
luxembourg,paraguay,8.0
luxembourg,senegal,55.8
luxembourg,liechtenstein,134.2
italy,jamaica,19.9
luxembourg,gambia,1.3
italy,cambodia,27.0
greece,malta,42.1
hungary,uk,730.9
luxembourg,montenegro,8.0
italy,switzerland,4123.4
luxembourg,italy,7629.9
latvia,uk,161.0
greece,switzerland,2243.4
luxembourg,chile,228.5
italy,srilanka,48.4
hungary,switzerland,442.1
iceland,argentina,0.1
luxembourg,guinea,2.7
iceland,kuwait,0.4
italy,maldives,146.0
iceland,elsalvador,0.1
latvia,dominicanrepublic,1.3
italy,greece,1662.9
greece,tanzania,1.2
luxembourg,portugal,344.1
greece,lithuania,129.3
italy,benin,5.7
italy,lithuania,203.1
ireland,costarica,2.7
italy,norway,68.7
ireland,lithuania,190.6
luxembourg,thailand,101.0
luxembourg,northkorea,168.7
luxembourg,bosnia,19.9
greece,barbados,0.1
italy,libya,93.4
iceland,mexico,0.4
greece,panama,21.8
iceland,srilanka,0.1
italy,sudan,4.6
latvia,newzealand,2.1
latvia,albania,1.3
iceland,cambodia,0.3
hungary,romania,449.0
greece,bangladesh,4.6
hungary,suriname,0.1
latvia,canada,10.6
hungary,panama,2.5
latvia,singapore,10.6
luxembourg,qatar,82.4
greece,pakistan,4.8
italy,chile,51.7
ireland,italy,7942.0
iceland,guinea,1.7
latvia,vietnam,15.9
greece,egypt,224.1
hungary,pakistan,17.0
ireland,norway,1324.5
iceland,lithuania,3.2
luxembourg,costarica,23.9
hungary,bangladesh,0.4
iceland,ethiopia,0.3
luxembourg,eritrea,1.3
hungary,nigeria,13.1
ireland,saudiarabia,539.4
luxembourg,uk,2246.7
italy,iran,29.2
luxembourg,iceland,74.6
greece,ireland,979.0
greece,papuanewguinea,0.4
ireland,china,377.3
latvia,kazakhstan,22.6
greece,northkorea,277.0
italy,afghanistan,1.1
iceland,panama,0.1
iceland,nigeria,0.3
greece,usa,4441.7
latvia,peru,1.3
italy,sourthkorea,5.6
greece,algeria,49.7
greece,ethiopia,1.3
ireland,ghana,17.3
hungary,usa,779.6
latvia,azerbaijan,12.0
greece,nigeria,53.5
iceland,georgia,0.8
italy,china,403.1
hungary,ireland,49.5
greece,guinea,0.3
hungary,georgia,1.7
hungary,ethiopia,0.3
iceland,ireland,54.4
iceland,usa,112.9
greece,montenegro,5.6
hungary,congo,0.1
luxembourg,rwanda,2.7
italy,mali,6.9
iceland,norway,106.1
greece,argentina,43.6
italy,togo,5.8
italy,congo,30.6
luxembourg,singapore,2140.2
greece,kuwait,8.6
italy,ukraine,67.6
latvia,morocco,4.0
luxembourg,vietnam,78.4
iceland,romania,9.4
italy,cuba,241.3
luxembourg,malawi,2.7
ireland,peru,6.6
luxembourg,brunei,22.6
greece,cambodia,1.2
luxembourg,iraq,2.7
hungary,jamaica,0.3
iceland,barbados,0.3
ireland,afghanistan,5.3
luxembourg,venezuela,43.8
hungary,srilanka,2.7
ireland,slovakia,218.6
iceland,pakistan,0.1
hungary,kuwait,2.8
ireland,bulgaria,85.0
ireland,usa,49795.7
luxembourg,stkitts,14.6
italy,burkinafaso,0.5
latvia,moldova,1.3
italy,bulgaria,120.1
italy,slovakia,268.2
luxembourg,albania,13.3
hungary,poland,319.5
italy,newzealand,105.9
greece,djibouti,0.4
italy,canada,1749.4
hungary,tajikistan,0.4
italy,singapore,104.2
greece,mozambique,3.2
italy,swaziland,2.1
ireland,australia,2953.2
greece,philippines,69.6
italy,saudiarabia,123.3
italy,haiti,1.2
latvia,sweden,304.6
italy,colombia,58.1
greece,netherlands,1018.4
luxembourg,ecuador,62.4
italy,poland,491.0
luxembourg,uae,106.3
luxembourg,honduras,23.9
greece,bahamas,32.0
italy,albania,315.3
greece,russia,3578.3
hungary,maldives,3.1
iceland,malta,60.9
italy,madagascar,55.0
iceland,netherlands,162.5
italy,sanmarino,14.5
italy,botswana,8.1
latvia,bahamas,2.7
italy,ghana,7.8
luxembourg,tanzania,47.8
italy,russia,3495.5
greece,elsalvador,1.1
luxembourg,marshallislands,4.0
luxembourg,northmacedonia,34.5
hungary,belarus,1.9
iceland,venezuela,1.9
italy,angola,34.0
luxembourg,israel,111.6
luxembourg,malaysia,70.4
luxembourg,canada,326.8
ireland,luxembourg,7563.2
iceland,vietnam,0.3
luxembourg,djibouti,8.0
latvia,china,2.7
latvia,russia,840.0
luxembourg,japan,1151.6
iceland,singapore,9.5
greece,china,332.5
italy,bolivia,2.3
hungary,uruguay,3.2
luxembourg,lebanon,81.0
greece,cameroon,0.1
latvia,netherlands,38.8
luxembourg,iran,10.6
hungary,haiti,1.2
italy,grenada,1.2
italy,azerbaijan,36.5
italy,kyrgyzstan,1.2
luxembourg,bahamas,854.2
italy,peru,23.4
greece,bulgaria,36.4
luxembourg,cuba,22.6
hungary,jordan,2.3
greece,ukraine,101.0
greece,spain,284.7
iceland,india,19.6
italy,capeverde,3.9
iceland,estonia,10.7
hungary,madagascar,0.4
luxembourg,ghana,74.4
hungary,turkey,38.8
italy,jordan,82.5
iceland,uae,3.3
luxembourg,sanmarino,81.0
italy,usa,3462.0
iceland,slovakia,0.2
hungary,benin,0.1
greece,mauritius,29.5
ireland,ukraine,120.9
italy,kiribati,0.1
hungary,italy,864.4
greece,zambia,0.7
hungary,norway,56.7
italy,papuanewguinea,1.3
latvia,spain,37.2
italy,zimbabwe,5.7
italy,liberia,21.3
greece,iran,0.3
hungary,namibia,0.1
ireland,egypt,237.8
hungary,marshallislands,0.3
greece,romania,227.4
latvia,armenia,1.3
luxembourg,saudiarabia,135.5
hungary,israel,86.4
greece,eritrea,0.1
greece,southafrica,63.1
iceland,nepal,0.4
italy,thailand,367.2
greece,kenya,0.5
italy,bosnia,28.4
italy,portugal,840.0
ireland,panama,53.1
ireland,barbados,102.3
hungary,croatia,83.3
luxembourg,mali,1.3
luxembourg,bulgaria,101.0
luxembourg,slovakia,105.5
greece,mexico,22.6
italy,qatar,30.3
luxembourg,china,14.6
ireland,algeria,17.3
ireland,switzerland,1114.6
greece,tunisia,1.2
iceland,peru,0.3
italy,lebanon,1.5
greece,sweden,515.8
italy,venezuela,300.8
luxembourg,jamaica,45.2
luxembourg,nigeria,63.8
ireland,croatia,8.0
italy,uk,5251.5
greece,dominicanrepublic,0.8
italy,rwanda,1.2
iceland,sweden,122.4
luxembourg,congo,34.5
latvia,malta,54.5
italy,malawi,2.7
iceland,ukraine,1.9
luxembourg,usa,9564.7
greece,iraq,251.4
greece,kazakhstan,160.5
italy,stkitts,0.3
iceland,mozambique,0.7
latvia,northkorea,10.6
ireland,india,2440.5
greece,vietnam,12.4
italy,honduras,0.9
italy,cyprus,140.7
hungary,malta,20.2
italy,ivorycoast,11.6
italy,liechtenstein,66.6
hungary,algeria,0.4
luxembourg,lithuania,43.7
greece,guatemala,1.2
greece,brazil,179.9
luxembourg,norway,220.5
greece,qatar,11.6
greece,norway,267.0
italy,indonesia,122.4
latvia,malaysia,1.3
luxembourg,cambodia,31.9
latvia,marshallislands,2.7
luxembourg,srilanka,29.2
ireland,netherlands,29186.7
latvia,uae,14.6
hungary,northkorea,286.7
iceland,jamaica,0.1
greece,sudan,0.7
iceland,dominica,3.3
greece,libya,12.9
ireland,russia,3606.4
latvia,antiguaandbarbuda,2.7
hungary,turkmenistan,0.5
luxembourg,libya,2.7
italy,senegal,50.6
ireland,argentina,83.7
iceland,uk,63.0
hungary,barbados,3.5
italy,gambia,1.6
greece,georgia,32.9
ireland,kuwait,78.4
ireland,armenia,5.3
iceland,rwanda,0.5
latvia,israel,4.0
luxembourg,suriname,10.6
italy,costarica,6.8
ireland,sourthkorea,2.7
hungary,india,247.5
luxembourg,brazil,215.2
iceland,liechtenstein,0.3
luxembourg,guatemala,15.9
hungary,uae,3.7
latvia,belarus,8.0
luxembourg,mexico,86.4
iceland,costarica,0.3
luxembourg,tunisia,9.3
greece,slovakia,73.7
iceland,qatar,0.1
greece,burkinafaso,0.1
luxembourg,pakistan,106.3
ireland,poland,703.4
iceland,brazil,0.7
hungary,netherlands,293.3
greece,congo,2.0
latvia,china,61.1
italy,australia,1766.7
greece,togo,0.7
hungary,philippines,33.4
iceland,laos,0.1
italy,nepal,14.5
greece,mali,0.3
hungary,russia,291.5
italy,moldova,113.6
luxembourg,romania,119.6
greece,jamaica,0.8
italy,morocco,287.1
italy,somalia,1.1
ireland,colombia,134.2
latvia,turkey,10.6
luxembourg,burundi,1.3
luxembourg,kazakhstan,22.6
italy,guineabissau,2.3
latvia,chad,1.3
greece,maldives,0.7
hungary,argentina,0.8
hungary,paraguay,0.1
greece,chile,11.6
italy,dominica,4.8
greece,srilanka,3.6
hungary,sourthkorea,1.3
luxembourg,dominicanrepublic,6.6
hungary,armenia,0.5
luxembourg,southafrica,268.4
hungary,cameroon,0.3
iceland,chile,0.4
luxembourg,kenya,81.0
italy,uzbekistan,15.4
latvia,usa,110.9
luxembourg,mongolia,1.3
hungary,oman,0.8
ireland,israel,579.2
hungary,fiji,0.9
latvia,jordan,1.3
italy,israel,63.9
luxembourg,syria,1.3
hungary,kyrgyzstan,0.3
greece,zimbabwe,0.1
iceland,lebanon,0.1
italy,gabon,3.2
iceland,hungary,3.7
greece,bolivia,0.1
luxembourg,antiguaandbarbuda,29.2
iceland,australia,22.8
ireland,lebanon,27.9
iceland,marshallislands,1.1
hungary,bolivia,0.3
greece,peru,5.6
iceland,malaysia,6.0
italy,saotome,1.2
greece,kyrgyzstan,2.0
greece,azerbaijan,22.2
iceland,turkey,4.8
greece,nepal,0.1
ireland,china,1409.5
ireland,oman,42.5
greece,australia,1122.9
hungary,belize,0.5
greece,luxembourg,179.3
italy,china,450.0
greece,morocco,2.3
greece,equatorialguinea,0.1
italy,oman,8.2
luxembourg,swaziland,12.0
greece,moldova,74.9
hungary,australia,37.8
latvia,argentina,1.3
hungary,morocco,0.4
luxembourg,madagascar,6.6
latvia,nigeria,1.3
iceland,bolivia,0.1
luxembourg,chad,19.9
italy,tajikistan,0.4
italy,fiji,8.6
iceland,morocco,1.1
luxembourg,belarus,10.6
luxembourg,botswana,66.4
hungary,moldova,6.2
italy,belarus,58.5
luxembourg,poland,211.6
italy,northkorea,190.0
iceland,fiji,0.1
luxembourg,jordan,22.6
latvia,sourthkorea,1.3
luxembourg,colombia,49.2
greece,rwanda,10.5
hungary,canada,38.1
hungary,singapore,162.8
italy,malta,68.3
greece,honduras,0.1
italy,guinea,0.4
iceland,israel,9.4
italy,montenegro,16.2
luxembourg,haiti,35.9
italy,algeria,40.7
iceland,canada,126.4
greece,venezuela,1.5
latvia,lithuania,146.6
luxembourg,papuanewguinea,1.3
italy,sierraleone,0.1
greece,lebanon,59.9
greece,singapore,348.3
latvia,greece,99.5
hungary,lebanon,0.5
latvia,switzerland,300.2
ireland,portugal,369.3
hungary,venezuela,0.1
ireland,northkorea,773.2
latvia,panama,9.3
italy,india,30.3
greece,angola,7.4
greece,newzealand,53.6
italy,malaysia,6.2
greece,capeverde,0.1
italy,uae,685.8
greece,sanmarino,0.3
greece,albania,197.3
iceland,bahrain,0.1
hungary,angola,0.7
ireland,tanzania,4.0
hungary,albania,0.8
greece,liberia,18.3
luxembourg,ethiopia,57.1
hungary,newzealand,4.9
italy,marshallislands,8.2
luxembourg,russia,1019.5
italy,tanzania,115.8
iceland,newzealand,1.5
greece,brunei,0.1
luxembourg,netherlands,2065.4
latvia,egypt,4.0
ireland,uae,559.3
italy,ecuador,33.3
greece,canada,948.2
iceland,belize,2.5
greece,costarica,1.3
italy,lesotho,0.1
luxembourg,elsalvador,19.9
italy,spain,3874.1
italy,cameroon,1.7
italy,zambia,2.3
italy,mauritius,55.4
iceland,indonesia,1.3
iceland,cyprus,0.3
latvia,turkmenistan,12.0
greece,thailand,4.4
italy,elsalvador,5.6
ireland,spain,1246.2
latvia,slovenia,9.8
hungary,thailand,20.0
ireland,cyprus,75.7
italy,netherlands,402.1
luxembourg,kuwait,94.3
luxembourg,armenia,6.6
greece,gambia,0.1
luxembourg,argentina,57.1
greece,senegal,4.1
luxembourg,niger,1.3
latvia,mauritania,4.0
luxembourg,sierraleone,12.0
greece,malawi,0.3
italy,myanmar,14.6
luxembourg,egypt,51.8
hungary,portugal,120.5
luxembourg,malta,156.8
hungary,tanzania,1.2
luxembourg,algeria,26.6
hungary,montenegro,2.5
luxembourg,switzerland,1784.2
iceland,portugal,5.2
italy,paraguay,26.3
ireland,myanmar,8.0
iceland,malawi,0.8
greece,uk,5682.1
greece,portugal,106.0
luxembourg,panama,108.9
italy,armenia,1.9
luxembourg,barbados,8.0
greece,bosnia,14.6
latvia,northmacedonia,1.3
greece,bahrain,122.1
iceland,montenegro,0.1
italy,namibia,23.9
greece,indonesia,9.7
iceland,spain,143.7
hungary,dominica,2.9
greece,uzbekistan,0.9
luxembourg,turkmenistan,10.6
luxembourg,bangladesh,53.1
ireland,turkey,410.5
hungary,bahrain,1.2
luxembourg,india,8.0
hungary,uzbekistan,0.8
greece,guineabissau,0.1
hungary,indonesia,34.1
iceland,thailand,4.8
iceland,bosnia,0.1
greece,dominica,0.1
hungary,cyprus,71.3
greece,belize,0.1
italy,equatorialguinea,13.0
italy,turkey,632.4
italy,chad,9.6
iceland,tanzania,0.8
ireland,saintlucia,1.3
hungary,senegal,0.1
luxembourg,croatia,42.5
luxembourg,slovenia,63.8
hungary,mauritius,0.7
italy,uruguay,8.4
ireland,bahrain,59.8
iceland,ecuador,0.1
italy,belize,2.9
luxembourg,guyana,35.9
ireland,philippines,162.1
latvia,poland,107.0
iceland,mauritius,0.1
greece,ivorycoast,1.7
italy,bahrain,7.3
luxembourg,uganda,35.9
greece,liechtenstein,17.8
greece,cyprus,387.4
luxembourg,mauritania,14.6
hungary,ivorycoast,0.1
italy,philippines,34.8
hungary,spain,670.7
latvia,cuba,1.3
ireland,belize,2.7
netherlands,australia,2118.5
netherlands,canada,2181.4
netherlands,chile,199.7
netherlands,israel,168.1
netherlands,japan,1232.4
netherlands,northkorea,459.9
netherlands,mexico,867.8
netherlands,newzealand,50.8
netherlands,norway,533.1
netherlands,poland,1176.8
netherlands,portugal,620.8
netherlands,slovakia,511.3
netherlands,slovenia,150.5
netherlands,spain,4614.0
netherlands,sweden,1547.2
netherlands,switzerland,4119.3
netherlands,turkey,9.8
netherlands,uk,16912.2
netherlands,usa,22347.7
netherlands,algeria,10.5
netherlands,morocco,107.3
netherlands,tunisia,5.8
netherlands,angola,757.9
netherlands,benin,19.3
netherlands,botswana,0.9
netherlands,burkinafaso,2.7
netherlands,burundi,10.4
netherlands,cameroon,32.3
netherlands,capeverde,42.6
netherlands,chad,34.3
netherlands,comoros,0.3
netherlands,congo,47.2
netherlands,ivorycoast,1.2
netherlands,djibouti,0.1
netherlands,egypt,87.7
netherlands,equatorialguinea,19.4
netherlands,eritrea,2.1
netherlands,ethiopia,6.9
netherlands,gabon,178.6
netherlands,gambia,23.6
netherlands,ghana,104.4
netherlands,guinea,4.6
netherlands,kenya,23.2
netherlands,lesotho,0.7
netherlands,liberia,15.5
netherlands,libya,14.5
netherlands,madagascar,8.1
netherlands,malawi,4.3
netherlands,mali,0.4
netherlands,mauritania,5.8
netherlands,mauritius,102.3
netherlands,mozambique,6.2
netherlands,niger,11.7
netherlands,namibia,15.3
netherlands,rwanda,19.4
netherlands,nigeria,834.3
netherlands,saotome,0.3
netherlands,senegal,25.4
netherlands,sierraleone,6.9
netherlands,somalia,1.1
netherlands,southafrica,265.2
netherlands,southsudan,8.1
netherlands,sudan,10.0
netherlands,swaziland,0.5
netherlands,tanzania,4.9
netherlands,togo,17.8
netherlands,uganda,8.5
netherlands,zambia,6.0
netherlands,zimbabwe,6.4
netherlands,antiguaandbarbuda,3.2
netherlands,bahamas,39.1
netherlands,barbados,15.4
netherlands,belize,4.8
netherlands,costarica,26.8
netherlands,cuba,35.3
netherlands,dominica,1.6
netherlands,dominicanrepublic,5.2
netherlands,elsalvador,38.3
netherlands,grenada,1.1
netherlands,guatemala,3.9
netherlands,haiti,5.6
netherlands,honduras,17.0
netherlands,jamaica,15.0
netherlands,nicaragua,12.8
netherlands,panama,133.5
netherlands,saintlucia,4.0
netherlands,stkitts,8.1
netherlands,argentina,350.3
netherlands,bolivia,31.5
netherlands,brazil,940.8
netherlands,colombia,130.3
netherlands,ecuador,230.0
netherlands,guyana,1.5
netherlands,paraguay,19.1
netherlands,peru,222.9
netherlands,suriname,63.9
netherlands,uruguay,222.9
netherlands,venezuela,159.4
netherlands,iran,15.7
netherlands,bahrain,25.9
netherlands,iraq,165.7
netherlands,kuwait,224.0
netherlands,oman,292.3
netherlands,qatar,305.2
netherlands,saudiarabia,5111.3
netherlands,uae,297.1
netherlands,armenia,0.1
netherlands,azerbaijan,70.7
netherlands,georgia,17.8
netherlands,jordan,45.2
netherlands,lebanon,53.7
netherlands,syria,5.0
netherlands,afghanistan,9.4
netherlands,bangladesh,14.5
netherlands,bhutan,1.2
netherlands,brunei,135.5
netherlands,cambodia,15.4
netherlands,china,751.1
netherlands,china,359.1
netherlands,india,926.9
netherlands,indonesia,416.5
netherlands,kazakhstan,216.1
netherlands,sourthkorea,1.6
netherlands,kyrgyzstan,2.7
netherlands,laos,6.6
netherlands,malaysia,278.9
netherlands,maldives,17.0
netherlands,mongolia,16.1
netherlands,myanmar,3.3
netherlands,nepal,1.7
netherlands,pakistan,52.3
netherlands,philippines,117.2
netherlands,singapore,5202.4
netherlands,srilanka,25.6
netherlands,tajikistan,1.5
netherlands,thailand,529.7
netherlands,turkmenistan,2.0
netherlands,uzbekistan,1.2
netherlands,vietnam,166.3
netherlands,fiji,1.1
netherlands,marshallislands,38.7
netherlands,micronesia,15.8
netherlands,nauru,1.3
netherlands,palau,1.3
netherlands,papuanewguinea,23.9
netherlands,solomonislands,0.5
netherlands,albania,20.6
netherlands,belarus,15.3
netherlands,bosnia,6.0
netherlands,bulgaria,53.9
netherlands,croatia,154.4
netherlands,cyprus,135.2
netherlands,liechtenstein,5.3
netherlands,northmacedonia,15.3
netherlands,malta,22.3
netherlands,moldova,1.5
netherlands,romania,154.5
netherlands,russia,2827.3
netherlands,sanmarino,2.5
netherlands,montenegro,11.8
netherlands,ukraine,111.5
netherlands,lithuania,228.9
poland,australia,27.6
poland,canada,154.1
poland,chile,7.3
poland,israel,41.5
poland,japan,128.7
poland,northkorea,212.8
poland,mexico,7.3
poland,newzealand,6.0
poland,norway,542.6
poland,portugal,171.7
poland,slovakia,117.4
poland,slovenia,34.7
poland,spain,1016.0
poland,sweden,1568.7
poland,switzerland,2175.2
poland,turkey,215.9
poland,uk,308.4
poland,usa,1406.6
poland,algeria,22.2
poland,morocco,26.3
poland,tunisia,76.1
poland,angola,66.2
poland,benin,1.3
poland,cameroon,0.7
poland,comoros,13.7
poland,congo,3.8
poland,ivorycoast,0.7
poland,djibouti,0.3
poland,egypt,129.3
poland,ethiopia,2.9
poland,gambia,0.7
poland,ghana,0.3
poland,guinea,0.7
poland,kenya,9.8
poland,liberia,5.4
poland,libya,3.2
poland,madagascar,2.9
poland,mauritania,0.7
poland,mauritius,4.4
poland,mozambique,0.3
poland,namibia,0.3
poland,nigeria,5.4
poland,senegal,1.6
poland,sierraleone,0.3
poland,somalia,0.3
poland,southafrica,3.2
poland,tanzania,0.7
poland,togo,0.3
poland,uganda,8.6
poland,zambia,0.7
poland,antiguaandbarbuda,1.9
poland,bahamas,1.9
poland,barbados,1.3
poland,belize,3.8
poland,costarica,6.4
poland,cuba,14.9
poland,dominica,0.7
poland,dominicanrepublic,17.4
poland,grenada,1.6
poland,guatemala,2.3
poland,honduras,0.3
poland,nicaragua,3.2
poland,panama,1.6
poland,saintlucia,0.7
poland,stkitts,0.7
poland,argentina,4.4
poland,bolivia,1.3
poland,brazil,7.6
poland,ecuador,2.5
poland,paraguay,0.3
poland,peru,1.6
poland,suriname,0.3
poland,uruguay,1.3
poland,venezuela,2.9
poland,bahrain,2.3
poland,iraq,7.3
poland,kuwait,12.1
poland,oman,38.1
poland,qatar,6.0
poland,saudiarabia,10.1
poland,uae,14.9
poland,armenia,6.0
poland,azerbaijan,0.9
poland,georgia,11.4
poland,jordan,1.6
poland,lebanon,1.3
poland,syria,0.7
poland,bangladesh,0.3
poland,bhutan,0.3
poland,brunei,1.6
poland,cambodia,0.3
poland,china,0.9
poland,china,10.1
poland,india,4.1
poland,indonesia,3.2
poland,kazakhstan,13.7
poland,sourthkorea,3.2
poland,kyrgyzstan,0.7
poland,malaysia,17.1
poland,maldives,1.3
poland,mongolia,4.8
poland,myanmar,0.9
poland,nepal,2.5
poland,pakistan,2.9
poland,philippines,8.6
poland,singapore,58.0
poland,srilanka,20.3
poland,tajikistan,0.9
poland,thailand,3.8
poland,turkmenistan,0.3
poland,uzbekistan,1.3
poland,marshallislands,5.7
poland,albania,1.6
poland,belarus,874.3
poland,bosnia,17.4
poland,bulgaria,80.5
poland,croatia,348.7
poland,cyprus,221.2
poland,liechtenstein,4.8
poland,northmacedonia,8.0
poland,malta,22.5
poland,moldova,24.1
poland,romania,132.2
poland,russia,1077.6
poland,sanmarino,7.3
poland,montenegro,19.4
poland,ukraine,1598.0
poland,lithuania,114.8
portugal,australia,171.4
portugal,canada,281.6
portugal,chile,1.3
portugal,israel,4.0
portugal,japan,5.3
portugal,northkorea,26.6
portugal,mexico,5.3
portugal,newzealand,5.2
portugal,norway,195.3
portugal,slovakia,132.3
portugal,slovenia,12.9
portugal,spain,1982.1
portugal,sweden,179.1
portugal,switzerland,754.6
portugal,turkey,29.2
portugal,uk,4165.8
portugal,usa,790.4
portugal,algeria,23.9
portugal,morocco,38.5
portugal,tunisia,15.9
portugal,angola,1777.5
portugal,botswana,6.6
portugal,burkinafaso,1.3
portugal,capeverde,13.3
portugal,chad,2.7
portugal,congo,27.9
portugal,ivorycoast,2.7
portugal,egypt,23.9
portugal,equatorialguinea,21.3
portugal,ethiopia,2.7
portugal,gabon,2.7
portugal,ghana,10.6
portugal,guinea,1.3
portugal,guineabissau,2.7
portugal,kenya,1.3
portugal,liberia,12.0
portugal,libya,12.0
portugal,madagascar,1.3
portugal,malawi,1.3
portugal,mali,5.3
portugal,mauritania,2.7
portugal,mauritius,4.0
portugal,mozambique,217.9
portugal,niger,1.3
portugal,namibia,10.6
portugal,rwanda,6.6
portugal,nigeria,18.6
portugal,saotome,1.3
portugal,senegal,13.3
portugal,southafrica,53.1
portugal,sudan,1.3
portugal,swaziland,4.0
portugal,tanzania,4.0
portugal,togo,8.0
portugal,uganda,2.7
portugal,bahamas,5.3
portugal,belize,6.6
portugal,costarica,2.7
portugal,cuba,13.3
portugal,dominicanrepublic,21.3
portugal,honduras,1.3
portugal,jamaica,1.3
portugal,panama,30.6
portugal,saintlucia,1.3
portugal,argentina,5.3
portugal,brazil,918.0
portugal,colombia,17.3
portugal,guyana,4.0
portugal,paraguay,1.3
portugal,peru,1.3
portugal,suriname,1.3
portugal,uruguay,6.6
portugal,venezuela,215.2
portugal,iran,8.0
portugal,bahrain,1.3
portugal,iraq,22.6
portugal,kuwait,9.3
portugal,qatar,18.6
portugal,saudiarabia,61.1
portugal,uae,58.5
portugal,azerbaijan,78.4
portugal,jordan,2.7
portugal,lebanon,8.0
portugal,bangladesh,5.3
portugal,cambodia,1.3
portugal,china,142.1
portugal,india,77.1
portugal,indonesia,21.3
portugal,kazakhstan,150.1
portugal,laos,2.7
portugal,malaysia,10.6
portugal,maldives,10.6
portugal,myanmar,1.3
portugal,nepal,2.7
portugal,pakistan,13.3
portugal,singapore,27.9
portugal,srilanka,4.0
portugal,thailand,33.2
portugal,uzbekistan,1.3
portugal,vietnam,34.5
portugal,marshallislands,12.0
portugal,papuanewguinea,1.3
portugal,albania,1.3
portugal,belarus,1.3
portugal,bulgaria,6.6
portugal,croatia,4.0
portugal,cyprus,26.6
portugal,liechtenstein,22.6
portugal,northmacedonia,2.7
portugal,malta,37.2
portugal,moldova,4.0
portugal,romania,25.2
portugal,russia,207.6
portugal,ukraine,6.6
portugal,lithuania,19.1
slovakia,australia,142.7
slovakia,canada,2.5
slovakia,israel,6.2
slovakia,japan,8.8
slovakia,northkorea,415.7
slovakia,mexico,1.2
slovakia,newzealand,5.6
slovakia,norway,27.4
slovakia,slovenia,19.8
slovakia,spain,45.6
slovakia,sweden,27.8
slovakia,switzerland,166.5
slovakia,turkey,114.5
slovakia,uk,11.1
slovakia,usa,248.8
slovakia,algeria,0.3
slovakia,morocco,0.8
slovakia,tunisia,22.6
slovakia,cameroon,0.1
slovakia,ivorycoast,0.4
slovakia,egypt,4.9
slovakia,ethiopia,0.1
slovakia,gabon,0.1
slovakia,guinea,0.1
slovakia,kenya,0.4
slovakia,mauritius,0.1
slovakia,nigeria,8.9
slovakia,sierraleone,0.5
slovakia,southafrica,4.5
slovakia,bahamas,0.1
slovakia,belize,0.1
slovakia,costarica,0.1
slovakia,cuba,0.8
slovakia,dominicanrepublic,0.5
slovakia,panama,0.1
slovakia,argentina,0.1
slovakia,brazil,3.3
slovakia,colombia,0.3
slovakia,ecuador,0.1
slovakia,peru,0.1
slovakia,suriname,0.1
slovakia,iran,1.1
slovakia,bahrain,4.0
slovakia,kuwait,0.1
slovakia,oman,0.5
slovakia,qatar,0.3
slovakia,saudiarabia,0.5
slovakia,uae,6.9
slovakia,armenia,0.1
slovakia,azerbaijan,4.9
slovakia,georgia,0.1
slovakia,jordan,0.3
slovakia,lebanon,0.1
slovakia,bangladesh,37.1
slovakia,china,60.8
slovakia,china,0.5
slovakia,india,5.8
slovakia,indonesia,0.4
slovakia,kazakhstan,1.5
slovakia,malaysia,5.2
slovakia,mongolia,0.1
slovakia,pakistan,11.4
slovakia,philippines,40.1
slovakia,singapore,19.3
slovakia,srilanka,0.3
slovakia,thailand,7.2
slovakia,uzbekistan,0.1
slovakia,vietnam,40.4
slovakia,albania,3.3
slovakia,belarus,10.1
slovakia,bosnia,0.7
slovakia,bulgaria,58.3
slovakia,croatia,220.7
slovakia,cyprus,38.5
slovakia,liechtenstein,1.3
slovakia,northmacedonia,0.3
slovakia,malta,5.0
slovakia,moldova,1.5
slovakia,romania,4.4
slovakia,russia,651.8
slovakia,sanmarino,1.1
slovakia,ukraine,45.6
slovakia,lithuania,10.6
spain,australia,558.0
spain,canada,634.3
spain,chile,782.5
spain,israel,241.8
spain,japan,929.7
spain,northkorea,385.3
spain,mexico,1315.2
spain,newzealand,71.7
spain,norway,2172.1
spain,slovenia,83.3
spain,sweden,2890.3
spain,switzerland,4632.5
spain,turkey,358.7
spain,uk,23230.2
spain,usa,3528.5
spain,morocco,365.3
spain,egypt,253.7
spain,nigeria,207.2
spain,southafrica,227.2
spain,argentina,900.7
spain,brazil,1485.3
spain,uruguay,261.7
spain,venezuela,896.7
spain,china,655.0
spain,china,26.6
spain,india,54.5
spain,indonesia,5.3
spain,malaysia,35.9
spain,philippines,55.8
spain,singapore,213.9
spain,thailand,30.6
spain,croatia,35.9
spain,cyprus,1.3
spain,liechtenstein,5.3
spain,malta,167.4
spain,romania,54.5
spain,russia,5323.2
spain,lithuania,170.3
slovenia,australia,14.6
slovenia,canada,7.4
slovenia,chile,0.1
slovenia,israel,42.2
slovenia,japan,9.0
slovenia,northkorea,57.1
slovenia,mexico,0.9
slovenia,newzealand,2.5
slovenia,norway,3.3
slovenia,sweden,72.3
slovenia,switzerland,245.1
slovenia,turkey,2.3
slovenia,uk,29.0
slovenia,usa,180.9
slovenia,algeria,0.7
slovenia,morocco,0.3
slovenia,tunisia,0.4
slovenia,angola,0.0
slovenia,benin,0.0
slovenia,botswana,0.0
slovenia,burkinafaso,0.0
slovenia,burundi,0.0
slovenia,cameroon,0.0
slovenia,capeverde,0.0
slovenia,chad,0.0
slovenia,comoros,0.0
slovenia,congo,0.1
slovenia,ivorycoast,0.0
slovenia,djibouti,0.0
slovenia,egypt,0.4
slovenia,equatorialguinea,0.0
slovenia,eritrea,0.0
slovenia,ethiopia,0.4
slovenia,gabon,0.1
slovenia,gambia,0.0
slovenia,ghana,0.3
slovenia,guinea,0.0
slovenia,guineabissau,0.3
slovenia,kenya,0.1
slovenia,lesotho,0.0
slovenia,liberia,10.5
slovenia,libya,0.7
slovenia,madagascar,0.1
slovenia,malawi,0.0
slovenia,mali,0.0
slovenia,mauritania,0.0
slovenia,mauritius,0.3
slovenia,mozambique,1.5
slovenia,niger,0.1
slovenia,namibia,0.0
slovenia,rwanda,0.1
slovenia,nigeria,5.8
slovenia,saotome,0.0
slovenia,senegal,0.0
slovenia,sierraleone,0.0
slovenia,somalia,0.0
slovenia,southafrica,7.4
slovenia,southsudan,0.3
slovenia,sudan,0.9
slovenia,swaziland,0.0
slovenia,tanzania,0.1
slovenia,togo,0.0
slovenia,uganda,0.0
slovenia,zambia,0.0
slovenia,zimbabwe,0.0
slovenia,antiguaandbarbuda,4.3
slovenia,bahamas,0.0
slovenia,barbados,0.1
slovenia,belize,1.7
slovenia,costarica,0.0
slovenia,cuba,0.5
slovenia,dominica,0.0
slovenia,dominicanrepublic,0.3
slovenia,elsalvador,0.0
slovenia,grenada,0.0
slovenia,guatemala,0.0
slovenia,haiti,0.0
slovenia,honduras,0.0
slovenia,jamaica,0.1
slovenia,nicaragua,0.0
slovenia,panama,1.5
slovenia,saintlucia,0.0
slovenia,stkitts,0.0
slovenia,argentina,0.8
slovenia,bolivia,0.0
slovenia,brazil,6.0
slovenia,colombia,0.7
slovenia,ecuador,0.1
slovenia,guyana,0.0
slovenia,paraguay,0.0
slovenia,peru,0.9
slovenia,suriname,0.0
slovenia,uruguay,0.0
slovenia,venezuela,0.1
slovenia,iran,3.1
slovenia,bahrain,0.0
slovenia,iraq,2.0
slovenia,kuwait,3.3
slovenia,oman,0.1
slovenia,qatar,1.2
slovenia,saudiarabia,1.5
slovenia,uae,0.9
slovenia,armenia,0.8
slovenia,azerbaijan,0.9
slovenia,georgia,0.7
slovenia,jordan,0.7
slovenia,lebanon,6.6
slovenia,syria,0.3
slovenia,afghanistan,0.0
slovenia,bangladesh,0.0
slovenia,bhutan,0.0
slovenia,brunei,0.0
slovenia,cambodia,0.1
slovenia,china,3.1
slovenia,china,5.7
slovenia,india,1.2
slovenia,indonesia,0.4
slovenia,kazakhstan,10.8
slovenia,sourthkorea,6.6
slovenia,kyrgyzstan,2.0
slovenia,laos,0.0
slovenia,malaysia,1.9
slovenia,maldives,0.1
slovenia,mongolia,0.4
slovenia,myanmar,0.0
slovenia,nepal,0.0
slovenia,pakistan,0.0
slovenia,philippines,0.5
slovenia,singapore,1.7
slovenia,srilanka,0.9
slovenia,tajikistan,1.1
slovenia,thailand,1.5
slovenia,turkmenistan,6.8
slovenia,uzbekistan,2.5
slovenia,vietnam,0.0
slovenia,fiji,0.0
slovenia,kiribati,0.0
slovenia,marshallislands,1.1
slovenia,micronesia,0.0
slovenia,nauru,0.1
slovenia,palau,0.0
slovenia,papuanewguinea,0.0
slovenia,solomonislands,0.0
slovenia,albania,2.5
slovenia,belarus,5.0
slovenia,bosnia,42.5
slovenia,bulgaria,23.8
slovenia,croatia,354.8
slovenia,cyprus,13.8
slovenia,liechtenstein,4.0
slovenia,northmacedonia,1.2
slovenia,malta,2.4
slovenia,moldova,0.8
slovenia,romania,4.0
slovenia,russia,86.6
slovenia,sanmarino,0.1
slovenia,montenegro,5.0
slovenia,ukraine,23.6
slovenia,lithuania,24.3
sweden,australia,283.3
sweden,canada,575.1
sweden,chile,71.9
sweden,israel,26.7
sweden,japan,871.0
sweden,northkorea,506.6
sweden,mexico,122.1
sweden,newzealand,54.5
sweden,norway,5355.6
sweden,switzerland,2623.0
sweden,turkey,269.6
sweden,uk,5292.6
sweden,usa,3710.3
sweden,algeria,214.4
sweden,morocco,61.3
sweden,tunisia,33.7
sweden,angola,109.4
sweden,benin,34.2
sweden,botswana,20.7
sweden,burkinafaso,12.1
sweden,cameroon,21.9
sweden,capeverde,0.3
sweden,chad,4.9
sweden,congo,5.8
sweden,ivorycoast,0.3
sweden,djibouti,10.7
sweden,egypt,108.9
sweden,eritrea,0.3
sweden,ethiopia,16.4
sweden,gabon,12.7
sweden,gambia,12.2
sweden,ghana,43.6
sweden,guinea,7.3
sweden,guineabissau,3.2
sweden,kenya,22.7
sweden,lesotho,1.5
sweden,liberia,27.7
sweden,libya,26.3
sweden,madagascar,13.4
sweden,malawi,2.1
sweden,mali,1.2
sweden,mauritania,0.4
sweden,mauritius,1.1
sweden,mozambique,0.9
sweden,niger,15.0
sweden,namibia,2.9
sweden,rwanda,27.8
sweden,nigeria,21.2
sweden,saotome,0.5
sweden,senegal,16.0
sweden,sierraleone,5.6
sweden,somalia,0.3
sweden,southafrica,47.1
sweden,southsudan,8.8
sweden,sudan,91.5
sweden,swaziland,0.5
sweden,tanzania,47.5
sweden,togo,9.9
sweden,uganda,19.8
sweden,zambia,1.3
sweden,zimbabwe,24.7
sweden,antiguaandbarbuda,3.8
sweden,bahamas,58.9
sweden,barbados,18.6
sweden,belize,6.8
sweden,costarica,45.9
sweden,cuba,18.8
sweden,dominica,2.5
sweden,dominicanrepublic,20.2
sweden,elsalvador,13.5
sweden,grenada,5.7
sweden,guatemala,11.9
sweden,haiti,12.1
sweden,honduras,11.8
sweden,jamaica,69.5
sweden,nicaragua,23.9
sweden,panama,18.8
sweden,saintlucia,9.7
sweden,stkitts,4.2
sweden,argentina,193.9
sweden,bolivia,18.0
sweden,brazil,348.6
sweden,colombia,30.5
sweden,ecuador,14.1
sweden,guyana,4.2
sweden,paraguay,8.5
sweden,peru,36.5
sweden,suriname,11.8
sweden,uruguay,26.3
sweden,venezuela,4.2
sweden,iran,138.3
sweden,bahrain,62.2
sweden,iraq,293.9
sweden,kuwait,30.2
sweden,oman,40.8
sweden,qatar,28.4
sweden,saudiarabia,604.2
sweden,uae,216.4
sweden,armenia,18.3
sweden,azerbaijan,33.3
sweden,georgia,4.4
sweden,jordan,18.7
sweden,lebanon,30.6
sweden,syria,8.8
sweden,afghanistan,41.2
sweden,bangladesh,49.7
sweden,bhutan,3.3
sweden,brunei,9.9
sweden,cambodia,4.6
sweden,china,210.2
sweden,china,913.9
sweden,india,307.8
sweden,indonesia,191.2
sweden,kazakhstan,44.2
sweden,sourthkorea,0.4
sweden,kyrgyzstan,0.1
sweden,laos,10.7
sweden,malaysia,17.6
sweden,maldives,3.3
sweden,mongolia,4.9
sweden,myanmar,9.9
sweden,nepal,7.3
sweden,pakistan,89.9
sweden,philippines,19.2
sweden,singapore,63.5
sweden,srilanka,1.9
sweden,tajikistan,0.1
sweden,thailand,262.8
sweden,turkmenistan,0.1
sweden,uzbekistan,0.4
sweden,vietnam,35.8
sweden,kiribati,9.7
sweden,marshallislands,7.6
sweden,papuanewguinea,45.6
sweden,albania,0.5
sweden,belarus,17.1
sweden,bosnia,12.3
sweden,bulgaria,50.1
sweden,croatia,121.6
sweden,cyprus,64.8
sweden,liechtenstein,37.1
sweden,northmacedonia,26.3
sweden,malta,119.8
sweden,moldova,0.7
sweden,romania,173.3
sweden,russia,893.7
sweden,sanmarino,0.9
sweden,montenegro,4.4
sweden,ukraine,7.3
sweden,lithuania,119.0
uk,australia,5936.1
uk,canada,2976.5
uk,chile,232.1
uk,israel,643.5
uk,japan,8586.0
uk,northkorea,1870.8
uk,mexico,146.4
uk,newzealand,453.7
uk,norway,1913.7
uk,switzerland,13104.5
uk,turkey,630.2
uk,usa,52023.9
uk,morocco,207.3
uk,egypt,57.6
uk,southafrica,1793.5
uk,argentina,163.0
uk,brazil,1729.4
uk,colombia,98.7
uk,uruguay,8.2
uk,venezuela,87.3
uk,iran,37.9
uk,saudiarabia,2267.6
uk,china,3457.1
uk,china,1008.6
uk,india,712.4
uk,indonesia,218.9
uk,malaysia,784.9
uk,pakistan,202.4
uk,philippines,166.2
uk,singapore,1633.9
uk,thailand,622.0
uk,bulgaria,57.6
uk,croatia,291.3
uk,cyprus,699.3
uk,malta,39.5
uk,romania,179.3
uk,russia,4850.1
uk,montenegro,18.0
uk,ukraine,24.7
uk,lithuania,15.9
australia,canada,1047.4
australia,chile,64.0
australia,japan,739.4
australia,northkorea,888.8
australia,mexico,60.4
australia,newzealand,1354.9
australia,norway,129.8
australia,switzerland,250.6
australia,usa,22162.1
australia,southafrica,163.2
australia,peru,55.9
australia,brunei,4.5
australia,china,5916.0
australia,china,343.4
australia,india,1007.8
australia,indonesia,1442.3
australia,malaysia,768.0
australia,philippines,24.3
australia,singapore,834.7
australia,thailand,1088.0
australia,vietnam,280.3
australia,fiji,972.6
australia,papuanewguinea,160.5
australia,russia,87.9
canada,chile,101.4
canada,israel,10.0
canada,japan,844.1
canada,northkorea,458.9
canada,mexico,1641.1
canada,newzealand,171.8
canada,norway,251.6
canada,switzerland,697.9
canada,turkey,28.1
canada,usa,47390.8
canada,ivorycoast,29.0
canada,egypt,42.5
canada,nigeria,200.0
canada,senegal,29.9
canada,southafrica,124.0
canada,bahamas,8.1
canada,barbados,1370.4
canada,costarica,69.7
canada,elsalvador,0.9
canada,guatemala,7.2
canada,honduras,7.2
canada,jamaica,240.8
canada,nicaragua,7.2
canada,argentina,41.6
canada,brazil,382.9
canada,colombia,93.2
canada,venezuela,100.5
canada,iran,144.8
canada,saudiarabia,112.2
canada,china,2175.2
canada,china,2420.5
canada,india,36.2
canada,indonesia,15.4
canada,malaysia,20.8
canada,pakistan,75.1
canada,philippines,133.1
canada,singapore,916.0
canada,thailand,98.7
canada,vietnam,42.5
canada,russia,366.7
japan,northkorea,2362.1
japan,mexico,1029.2
japan,newzealand,548.0
japan,switzerland,540.9
japan,usa,28928.3
japan,southafrica,125.0
japan,brazil,8.4
japan,iran,8.6
japan,saudiarabia,682.4
japan,uae,1140.8
japan,china,4655.5
japan,china,151.0
japan,india,732.8
japan,indonesia,686.1
japan,malaysia,2284.5
japan,philippines,765.4
japan,singapore,2958.2
japan,thailand,4060.6
japan,vietnam,486.3
japan,russia,1137.6
newzealand,ireland,81.3
newzealand,northkorea,266.3
newzealand,mexico,7.5
newzealand,switzerland,25.7
newzealand,usa,1315.4
newzealand,algeria,0.0
newzealand,egypt,2.5
newzealand,nigeria,1.7
newzealand,southafrica,7.5
newzealand,brazil,90.4
newzealand,venezuela,0.8
newzealand,kuwait,6.6
newzealand,oman,7.5
newzealand,qatar,3.3
newzealand,saudiarabia,92.1
newzealand,uae,61.4
newzealand,brunei,7.5
newzealand,china,1189.6
newzealand,china,11.6
newzealand,india,277.9
newzealand,indonesia,9.1
newzealand,malaysia,13.3
newzealand,philippines,7.5
newzealand,singapore,725.9
newzealand,srilanka,17.4
newzealand,thailand,26.5
newzealand,vietnam,24.9
newzealand,fiji,128.6
newzealand,papuanewguinea,38.2
newzealand,cyprus,0.8
newzealand,malta,3.3
newzealand,russia,46.9
northkorea,usa,22484.3
northkorea,china,7949.7
usa,chile,1910.0
usa,israel,296.0
usa,mexico,7773.0
usa,norway,1601.0
usa,switzerland,7469.0
usa,southafrica,1323.0
usa,argentina,5105.0
usa,brazil,19610.0
usa,venezuela,6303.0
usa,saudiarabia,7135.0
usa,china,26740.0
usa,china,775.0
usa,india,8187.0
usa,indonesia,1773.0
usa,malaysia,919.0
usa,philippines,1568.0
usa,singapore,5732.0
usa,thailand,1306.0
china,australia,158.6
china,belgium,320.0
china,canada,358.4
china,denmark,158.0
china,finland,118.3
china,france,722.2
china,germany,1059.8
china,ireland,9.3
china,israel,234.1
china,italy,31.9
china,japan,818.3
china,northkorea,726.1
china,luxembourg,547.5
china,netherlands,943.2
china,newzealand,58.7
china,sweden,1133.1
china,switzerland,688.5
china,turkey,115.4
china,uk,2552.8
china,usa,7364.9
china,southafrica,141.1
china,panama,205.8
china,brazil,76.5
china,uae,137.3
china,bangladesh,4.0
china,china,13557.9
china,india,299.5
china,indonesia,495.1
china,malaysia,185.5
china,philippines,649.9
china,singapore,104.6
china,srilanka,1.8
china,thailand,32.6
china,vietnam,13.8
china,russia,53.3
russia,chile,1.1
russia,israel,856.3
russia,northkorea,302.4
russia,mexico,101.7
russia,norway,699.0
russia,switzerland,241.5
russia,turkey,6759.7
russia,usa,7420.1
russia,algeria,175.9
russia,morocco,1.5
russia,tunisia,471.3
russia,angola,104.6
russia,benin,0.0
russia,botswana,0.3
russia,burkinafaso,0.4
russia,burundi,0.0
russia,cameroon,0.1
russia,capeverde,0.3
russia,chad,0.1
russia,comoros,0.0
russia,congo,0.2
russia,ivorycoast,4.8
russia,djibouti,4.4
russia,egypt,3554.4
russia,equatorialguinea,0.8
russia,eritrea,0.2
russia,ethiopia,0.6
russia,gabon,0.1
russia,gambia,0.1
russia,ghana,0.2
russia,guinea,1.1
russia,guineabissau,0.0
russia,kenya,3.1
russia,lesotho,0.0
russia,liberia,62.8
russia,libya,5.1
russia,madagascar,0.0
russia,malawi,0.0
russia,mali,4.2
russia,mauritania,3.2
russia,mauritius,4.3
russia,mozambique,0.1
russia,niger,0.0
russia,namibia,0.2
russia,rwanda,0.1
russia,nigeria,2.0
russia,saotome,0.0
russia,senegal,4.7
russia,sierraleone,0.0
russia,somalia,12.3
russia,southafrica,0.1
russia,southsudan,0.1
russia,sudan,2.8
russia,swaziland,0.1
russia,tanzania,0.2
russia,togo,0.0
russia,uganda,0.7
russia,zambia,0.1
russia,zimbabwe,0.0
russia,antiguaandbarbuda,0.2
russia,bahamas,24.4
russia,barbados,1.1
russia,belize,48.8
russia,costarica,2.8
russia,cuba,42.5
russia,dominica,11.6
russia,dominicanrepublic,15.9
russia,elsalvador,0.0
russia,grenada,0.0
russia,guatemala,0.4
russia,haiti,4.9
russia,honduras,0.0
russia,jamaica,0.9
russia,nicaragua,0.1
russia,panama,886.7
russia,saintlucia,0.1
russia,stkitts,24.1
russia,argentina,2.8
russia,bolivia,0.0
russia,brazil,0.5
russia,colombia,23.9
russia,ecuador,27.2
russia,guyana,0.3
russia,paraguay,0.3
russia,peru,11.4
russia,suriname,0.0
russia,uruguay,2.2
russia,venezuela,53.5
russia,iran,66.1
russia,bahrain,0.7
russia,iraq,47.4
russia,kuwait,4.5
russia,oman,3.3
russia,qatar,7.0
russia,saudiarabia,15.5
russia,uae,1018.5
russia,armenia,1.6
russia,azerbaijan,134.8
russia,georgia,322.2
russia,jordan,1.9
russia,lebanon,7.2
russia,syria,46.1
russia,afghanistan,4.0
russia,bangladesh,45.7
russia,bhutan,0.0
russia,brunei,0.2
russia,cambodia,0.3
russia,china,556.8
russia,china,18.7
russia,india,205.9
russia,indonesia,7.0
russia,kazakhstan,1161.3
russia,sourthkorea,54.0
russia,kyrgyzstan,91.9
russia,laos,1.9
russia,malaysia,56.3
russia,maldives,5.2
russia,mongolia,41.7
russia,myanmar,2.4
russia,nepal,0.5
russia,pakistan,7.4
russia,philippines,3.5
russia,singapore,277.0
russia,srilanka,4.2
russia,tajikistan,260.3
russia,thailand,2469.5
russia,turkmenistan,398.0
russia,uzbekistan,671.0
russia,vietnam,596.9
russia,fiji,0.1
russia,marshallislands,24.4
russia,palau,0.0
russia,papuanewguinea,0.7
russia,solomonislands,0.0
russia,albania,1.9
russia,belarus,730.7
russia,bosnia,14.1
russia,bulgaria,885.5
russia,croatia,122.1
russia,cyprus,2737.1
russia,liechtenstein,52.0
russia,northmacedonia,8.0
russia,malta,186.7
russia,moldova,85.0
russia,romania,70.7
russia,sanmarino,1.2
russia,montenegro,457.1
russia,ukraine,578.0
russia,lithuania,863.7
usa,nigeria,1982.0
usa,morocco,166.0
usa,costarica,515.0
usa,dominicanrepublic,2288.0
usa,guatemala,438.0
usa,vietnam,1038.0
usa,bulgaria,133.0
usa,romania,166.0
usa,nicaragua,137.0
usa,peru,1183.0
usa,brunei,75.0
usa,turkey,1852.0
usa,panama,841.0
usa,colombia,3894.0
usa,jordan,274.0
usa,croatia,52.0
usa,lithuania,138.8
usa,elsalvador,344.0
usa,honduras,333.0
usa,bahrain,563.0
usa,oman,87.0
usa,cyprus,11.0
usa,malta,211.0
lithuania,australia,7.0
lithuania,canada,4.0
lithuania,chile,0.7
lithuania,israel,4.2
lithuania,japan,2.1
lithuania,northkorea,14.1
lithuania,mexico,0.7
lithuania,norway,166.4
lithuania,switzerland,163.6
lithuania,turkey,16.2
lithuania,algeria,56.2
lithuania,morocco,1.1
lithuania,congo,0.1
lithuania,egypt,9.8
lithuania,liberia,101.4
lithuania,libya,0.7
lithuania,rwanda,0.8
lithuania,sierraleone,0.1
lithuania,southafrica,0.3
lithuania,tanzania,0.1
lithuania,antiguaandbarbuda,3.5
lithuania,bahamas,36.8
lithuania,belize,3.6
lithuania,costarica,0.1
lithuania,dominicanrepublic,0.7
lithuania,jamaica,0.4
lithuania,panama,20.2
lithuania,argentina,5.7
lithuania,brazil,0.3
lithuania,ecuador,1.6
lithuania,peru,0.1
lithuania,uruguay,2.7
lithuania,iraq,0.3
lithuania,oman,0.4
lithuania,qatar,0.1
lithuania,saudiarabia,0.4
lithuania,uae,26.2
lithuania,armenia,1.3
lithuania,azerbaijan,4.9
lithuania,georgia,10.5
lithuania,jordan,0.3
lithuania,lebanon,0.1
lithuania,syria,0.1
lithuania,bangladesh,0.7
lithuania,cambodia,0.1
lithuania,china,24.8
lithuania,china,0.7
lithuania,india,3.3
lithuania,kazakhstan,61.5
lithuania,kyrgyzstan,24.6
lithuania,maldives,0.1
lithuania,mongolia,0.5
lithuania,pakistan,0.7
lithuania,philippines,2.4
lithuania,singapore,17.7
lithuania,srilanka,0.3
lithuania,tajikistan,25.2
lithuania,thailand,0.8
lithuania,turkmenistan,2.5
lithuania,uzbekistan,4.2
lithuania,vietnam,0.8
lithuania,marshallislands,10.8
lithuania,belarus,36.3
lithuania,bosnia,0.5
lithuania,bulgaria,31.7
lithuania,croatia,2.7
lithuania,cyprus,61.1
lithuania,liechtenstein,0.7
lithuania,malta,65.9
lithuania,moldova,1.2
lithuania,romania,32.0
lithuania,ukraine,6.8
